Brand,Model,Year,Engine_Size,Fuel_Type,Transmission,Mileage,Doors,Owner_Count,Price
Kia,Rio,2020,4.2,Diesel,Manual,289944,3,5,8501
Chevrolet,Malibu,2012,2,Hybrid,Automatic,5356,2,3,12092
Mercedes,GLA,2020,4.2,Diesel,Automatic,231440,4,2,11171
Audi,Q5,2023,2,Electric,Manual,160971,2,1,11780
Volkswagen,Golf,2003,2.6,Hybrid,Semi-Automatic,286618,3,3,2867
Toyota,Camry,2007,2.7,Petrol,Automatic,157889,4,4,7242
Honda,Civic,2010,3.4,Electric,Automatic,139584,3,1,11208
Kia,Sportage,2001,4.7,Electric,Semi-Automatic,157495,2,2,7950
Kia,Sportage,2014,2.6,Hybrid,Manual,98700,3,4,9926
Toyota,RAV4,2005,3.1,Petrol,Manual,107724,2,5,6545
BMW,5 Series,2013,1.3,Hybrid,Automatic,296824,2,3,5863
Volkswagen,Golf,2009,4.5,Hybrid,Manual,42795,4,3,11444
Honda,CR-V,2007,4.8,Hybrid,Automatic,132875,3,4,10842
Hyundai,Elantra,2004,2.3,Hybrid,Semi-Automatic,188996,2,1,4820
Volkswagen,Golf,2003,2.4,Petrol,Automatic,145921,5,2,5981
Volkswagen,Golf,2007,3.2,Diesel,Automatic,60103,2,1,9697
Hyundai,Elantra,2017,2.9,Electric,Automatic,38133,5,2,14837
Volkswagen,Tiguan,2006,4.5,Electric,Manual,41161,2,2,11576
Kia,Rio,2000,3.4,Diesel,Semi-Automatic,257427,3,3,2351
Mercedes,GLA,2021,1.5,Petrol,Manual,34640,2,1,11207
Chevrolet,Equinox,2018,1.8,Hybrid,Automatic,21261,2,1,13374
Toyota,RAV4,2000,4.6,Hybrid,Semi-Automatic,41814,2,2,8863
Toyota,RAV4,2003,2,Electric,Manual,136662,5,4,6266
Ford,Explorer,2006,2.8,Hybrid,Manual,99921,4,2,7701
Mercedes,GLA,2016,3.9,Petrol,Semi-Automatic,19868,3,4,12402
Kia,Sportage,2011,1.8,Diesel,Automatic,92188,2,4,8856
Audi,A3,2022,3.3,Electric,Manual,79350,5,3,14413
BMW,3 Series,2017,2.3,Electric,Semi-Automatic,142701,5,3,10645
BMW,3 Series,2020,4.7,Electric,Semi-Automatic,210767,3,3,12584
Chevrolet,Equinox,2013,1.9,Hybrid,Automatic,121816,4,4,9963
Hyundai,Tucson,2007,3.9,Electric,Automatic,213643,4,5,9327
Volkswagen,Passat,2008,3.5,Electric,Manual,88381,3,1,10232
Chevrolet,Impala,2017,2.3,Petrol,Automatic,183619,5,1,9327
Mercedes,GLA,2013,3.3,Electric,Semi-Automatic,80184,3,5,11696
Toyota,Corolla,2010,3.2,Diesel,Automatic,132454,4,4,9150
Kia,Optima,2005,4.5,Petrol,Manual,18590,2,5,9728
Audi,Q5,2013,3.5,Hybrid,Semi-Automatic,263411,4,1,7231
Kia,Sportage,2000,1.4,Electric,Manual,167050,5,4,4159
Ford,Fiesta,2017,2.2,Hybrid,Manual,277363,2,4,6852
Audi,A4,2004,1,Petrol,Manual,94415,2,1,4411
Ford,Focus,2004,1.2,Electric,Manual,93645,3,3,6627
BMW,5 Series,2007,4.9,Petrol,Manual,120491,2,1,8690
Honda,Civic,2000,3.9,Hybrid,Manual,56020,2,4,7879
Toyota,RAV4,2003,3.9,Electric,Automatic,131868,5,3,9762
Audi,Q5,2023,3.6,Electric,Manual,238306,5,2,11833
Ford,Focus,2011,2.3,Diesel,Automatic,255372,5,5,6092
Audi,A4,2009,2.4,Diesel,Manual,263797,2,5,3924
Hyundai,Elantra,2006,2.8,Electric,Manual,110280,3,3,8494
Audi,A3,2009,1.2,Electric,Automatic,111448,5,1,9271
Mercedes,GLA,2013,1.9,Petrol,Manual,205005,2,2,5799
Mercedes,E-Class,2004,4.9,Petrol,Semi-Automatic,175273,3,5,6694
Mercedes,GLA,2022,3.8,Diesel,Manual,191466,3,2,10670
Ford,Focus,2008,1.8,Electric,Semi-Automatic,280713,3,1,4685
Honda,Civic,2015,2.6,Electric,Semi-Automatic,66777,5,1,11864
Kia,Optima,2020,3.2,Electric,Manual,88070,3,5,13538
BMW,3 Series,2011,2.9,Electric,Semi-Automatic,281020,3,5,6679
Chevrolet,Impala,2017,1.8,Diesel,Semi-Automatic,22175,2,2,10556
Volkswagen,Passat,2003,2,Electric,Manual,287728,3,3,3245
Hyundai,Sonata,2007,3.6,Electric,Automatic,102907,3,3,11241
Honda,Civic,2005,2.4,Petrol,Automatic,60316,2,5,8293
Toyota,Camry,2008,1.3,Petrol,Automatic,188097,2,2,5538
Ford,Fiesta,2004,4,Diesel,Automatic,85348,3,3,9093
Ford,Focus,2015,4.8,Electric,Automatic,100603,4,2,14887
Mercedes,C-Class,2007,2.7,Hybrid,Manual,147310,5,2,6953
Mercedes,GLA,2011,4,Diesel,Manual,140263,4,5,8594
Volkswagen,Passat,2005,3.2,Electric,Semi-Automatic,155550,5,4,7689
Volkswagen,Golf,2000,4,Hybrid,Manual,237232,4,5,4355
Ford,Fiesta,2002,4,Hybrid,Semi-Automatic,272351,3,3,4252
Kia,Optima,2008,4.6,Petrol,Manual,164879,2,4,7802
Hyundai,Tucson,2018,2.8,Petrol,Manual,160349,4,3,9093
Hyundai,Elantra,2007,1.5,Diesel,Manual,30793,5,1,7084
BMW,3 Series,2019,1.9,Electric,Automatic,6745,2,1,15065
Toyota,Camry,2007,4.9,Hybrid,Manual,23217,2,4,11635
Kia,Sportage,2017,2.7,Hybrid,Automatic,242456,2,5,9550
Hyundai,Sonata,2017,1.3,Hybrid,Automatic,152123,5,5,9957
Honda,CR-V,2022,3.4,Diesel,Automatic,248894,5,2,10622
Mercedes,GLA,2007,2.3,Electric,Manual,76458,3,5,8970
BMW,X5,2017,3.9,Hybrid,Semi-Automatic,2020,3,2,14059
Hyundai,Sonata,2018,2,Hybrid,Automatic,121567,4,4,11568
Volkswagen,Golf,2023,3.5,Petrol,Semi-Automatic,139477,2,5,11710
Ford,Fiesta,2007,4.5,Electric,Manual,53088,3,2,11638
Volkswagen,Tiguan,2020,1.7,Petrol,Automatic,195565,2,5,9388
Audi,A4,2004,4.8,Hybrid,Semi-Automatic,141850,3,2,8263
Honda,Civic,2020,4.6,Petrol,Manual,191397,3,4,10872
Hyundai,Tucson,2015,1.6,Electric,Manual,259533,2,4,7009
Mercedes,C-Class,2015,4.1,Petrol,Automatic,197249,3,1,10255
Volkswagen,Passat,2007,3.8,Electric,Manual,272609,4,5,6547
Ford,Focus,2013,1.1,Diesel,Manual,294516,4,1,3209
Kia,Sportage,2001,2.9,Diesel,Manual,258813,4,5,2123
Toyota,Corolla,2014,4.1,Petrol,Automatic,17100,5,5,13558
Kia,Optima,2017,4.6,Diesel,Manual,197307,3,1,9853
BMW,X5,2007,4.2,Petrol,Automatic,129851,3,4,9302
Mercedes,E-Class,2011,1.8,Diesel,Semi-Automatic,261247,3,4,3975
Audi,Q5,2016,2.5,Electric,Semi-Automatic,121855,5,5,10962
BMW,3 Series,2011,2.6,Petrol,Manual,107928,4,2,7841
Volkswagen,Passat,2011,4.7,Petrol,Automatic,203960,5,3,9520
BMW,5 Series,2009,3,Electric,Manual,17260,5,5,11454
Audi,A3,2022,3.8,Electric,Semi-Automatic,275109,2,5,10997
Toyota,Corolla,2016,2.8,Hybrid,Semi-Automatic,203314,3,3,8633
Toyota,Corolla,2014,2.8,Hybrid,Automatic,190214,5,2,9795
Ford,Explorer,2013,5,Electric,Automatic,188195,5,3,12736
Audi,A4,2010,2,Hybrid,Manual,228204,3,4,5535
BMW,5 Series,2001,2.3,Diesel,Semi-Automatic,66264,2,1,5374
Toyota,Camry,2022,4.5,Electric,Semi-Automatic,162696,4,2,13946
Chevrolet,Malibu,2005,2.2,Diesel,Manual,191462,2,4,3970
Honda,Accord,2001,4,Diesel,Manual,8958,5,1,8220
Hyundai,Elantra,2012,2.6,Hybrid,Manual,11213,5,5,11075
Honda,Accord,2003,3.8,Electric,Semi-Automatic,236022,3,2,6079
Chevrolet,Equinox,2019,3.9,Hybrid,Semi-Automatic,13333,5,1,14433
Mercedes,C-Class,2023,4.6,Electric,Semi-Automatic,274137,2,3,12117
Volkswagen,Passat,2010,3.4,Diesel,Manual,8662,4,3,10326
BMW,3 Series,2018,2.3,Electric,Semi-Automatic,99243,3,3,11815
Ford,Fiesta,2013,3.5,Hybrid,Semi-Automatic,167809,2,3,9143
Honda,CR-V,2018,3,Hybrid,Semi-Automatic,180938,4,3,9881
Mercedes,C-Class,2018,4,Petrol,Manual,66347,3,2,12173
Honda,Civic,2007,1.4,Petrol,Manual,279031,5,3,2019
Chevrolet,Equinox,2013,2.8,Petrol,Manual,63430,4,5,9531
BMW,3 Series,2014,2.1,Petrol,Manual,191744,5,1,6565
Mercedes,E-Class,2023,3.9,Hybrid,Semi-Automatic,58107,3,2,14737
BMW,X5,2002,4.5,Diesel,Manual,86763,2,5,7464
Volkswagen,Golf,2020,3.8,Diesel,Automatic,257521,3,3,10249
Toyota,Corolla,2013,4,Diesel,Manual,213052,4,4,7738
BMW,3 Series,2017,1.9,Petrol,Semi-Automatic,117943,2,4,8741
Volkswagen,Tiguan,2008,4.5,Electric,Semi-Automatic,178837,3,4,9423
Toyota,Corolla,2002,3.9,Diesel,Semi-Automatic,281616,2,3,2967
Chevrolet,Malibu,2013,1.4,Diesel,Automatic,131485,3,5,8270
Audi,A4,2013,3.9,Electric,Manual,21399,5,3,13472
Mercedes,C-Class,2020,3.7,Petrol,Semi-Automatic,148489,3,5,10830
Chevrolet,Equinox,2017,3.1,Electric,Manual,189399,5,4,10512
Volkswagen,Tiguan,2008,3.5,Petrol,Semi-Automatic,179107,2,3,6417
Volkswagen,Passat,2015,4.7,Diesel,Manual,220366,5,1,8892
Kia,Optima,2020,4.7,Petrol,Manual,132200,2,1,12156
Chevrolet,Impala,2009,1.8,Diesel,Automatic,151249,4,1,7075
Chevrolet,Impala,2009,2,Petrol,Manual,184695,5,1,5106
Volkswagen,Golf,2001,4.1,Petrol,Automatic,32602,3,4,9347
Audi,A3,2013,3.2,Electric,Manual,253611,2,4,8127
Toyota,RAV4,2020,4.3,Hybrid,Manual,187223,5,3,11655
Mercedes,E-Class,2004,3,Hybrid,Manual,232438,3,3,4651
Toyota,Camry,2019,4.7,Petrol,Manual,114139,5,4,12217
Toyota,RAV4,2004,1.3,Electric,Automatic,79437,4,4,8511
Honda,Accord,2019,2.2,Diesel,Manual,127801,5,5,9443
Toyota,Camry,2002,1.5,Petrol,Automatic,23115,2,1,7237
Kia,Optima,2010,3.9,Petrol,Automatic,26930,3,3,11961
Toyota,RAV4,2021,2.1,Petrol,Manual,289967,4,3,6700
Ford,Focus,2001,3.2,Petrol,Manual,42064,2,3,6758
Hyundai,Sonata,2018,3.5,Electric,Manual,233614,4,2,10327
Ford,Explorer,2023,4.1,Electric,Automatic,67072,4,3,17258
BMW,X5,2017,2.5,Electric,Manual,256380,2,1,8572
Mercedes,C-Class,2010,1.9,Petrol,Semi-Automatic,159546,2,4,5809
Mercedes,E-Class,2014,3.8,Electric,Semi-Automatic,5877,5,5,13982
Hyundai,Tucson,2002,4.9,Hybrid,Automatic,33244,2,2,11435
Chevrolet,Impala,2013,4.8,Petrol,Manual,206381,4,4,8672
Honda,Civic,2016,4,Diesel,Automatic,175833,3,5,10883
Hyundai,Tucson,2005,3.6,Petrol,Semi-Automatic,157073,2,1,6058
BMW,3 Series,2015,2.9,Electric,Automatic,131766,2,3,12364
Ford,Explorer,2001,2.2,Petrol,Manual,18630,3,5,6227
Audi,A4,2015,2.1,Diesel,Automatic,54522,3,5,11109
Mercedes,GLA,2013,1.4,Electric,Semi-Automatic,231290,3,3,6774
Kia,Optima,2000,3.7,Electric,Manual,166776,2,2,6464
Audi,A3,2002,4,Diesel,Manual,16302,5,2,8373
Audi,Q5,2015,2.9,Hybrid,Semi-Automatic,252824,3,1,7443
Kia,Sportage,2007,1.2,Hybrid,Automatic,269614,3,4,4507
Kia,Sportage,2000,2.8,Electric,Semi-Automatic,264697,2,5,3606
Honda,CR-V,2014,4,Petrol,Manual,287926,5,2,6541
Audi,A3,2001,1.8,Petrol,Automatic,43196,5,2,6836
Toyota,RAV4,2001,4.5,Diesel,Semi-Automatic,279971,3,1,3300
Hyundai,Sonata,2009,1,Petrol,Manual,286745,2,5,2065
Mercedes,C-Class,2011,2.3,Electric,Semi-Automatic,885,3,2,11682
Honda,Civic,2013,3.5,Hybrid,Semi-Automatic,93273,2,4,10634
BMW,X5,2004,3.7,Diesel,Semi-Automatic,110947,3,2,6781
Honda,CR-V,2018,1.2,Petrol,Manual,166808,5,2,7363
Audi,Q5,2022,3.8,Diesel,Automatic,186035,4,3,12279
Ford,Fiesta,2005,1,Hybrid,Semi-Automatic,68819,2,3,6223
Chevrolet,Impala,2018,3.7,Petrol,Semi-Automatic,157181,5,2,10056
Mercedes,C-Class,2007,3.9,Petrol,Semi-Automatic,97350,3,3,8153
Volkswagen,Passat,2016,3.5,Diesel,Manual,271497,5,4,6970
Toyota,RAV4,2013,4.3,Electric,Semi-Automatic,225452,4,5,9790
Kia,Optima,2010,3.8,Petrol,Automatic,51040,5,2,11379
Volkswagen,Golf,2012,4.2,Electric,Semi-Automatic,7544,2,5,13749
Chevrolet,Equinox,2009,2.6,Hybrid,Semi-Automatic,264411,3,1,5111
BMW,X5,2012,4.3,Petrol,Manual,153919,5,2,8921
Honda,CR-V,2010,1.7,Petrol,Manual,115344,2,5,6493
Kia,Rio,2009,2.9,Diesel,Semi-Automatic,106781,3,2,7564
Hyundai,Sonata,2011,1,Petrol,Manual,279545,2,3,2809
Hyundai,Sonata,2020,1.7,Petrol,Manual,11757,3,1,11564
Audi,Q5,2014,2.4,Petrol,Semi-Automatic,230787,3,1,6084
Hyundai,Elantra,2020,3.7,Hybrid,Automatic,216478,2,1,11970
Mercedes,C-Class,2003,2.6,Diesel,Semi-Automatic,134567,5,2,4908
Mercedes,C-Class,2006,4.5,Electric,Manual,162852,2,3,9142
BMW,3 Series,2023,3.9,Hybrid,Semi-Automatic,112480,2,2,13650
Kia,Optima,2017,1.9,Electric,Automatic,60780,2,1,13384
Honda,CR-V,2012,3.2,Diesel,Automatic,21520,4,4,11969
BMW,5 Series,2017,2.1,Diesel,Automatic,199006,3,3,8819
Chevrolet,Equinox,2006,2,Hybrid,Automatic,11585,5,4,10168
Chevrolet,Equinox,2009,2.8,Electric,Manual,79962,3,2,10000
Volkswagen,Golf,2014,3.9,Electric,Automatic,95537,4,2,13789
Mercedes,GLA,2021,4.3,Diesel,Manual,229873,4,2,10102
Toyota,RAV4,2006,1.3,Hybrid,Manual,195129,4,5,4297
Chevrolet,Impala,2011,4,Hybrid,Automatic,136926,5,1,11161
Ford,Focus,2003,3.2,Petrol,Semi-Automatic,85005,3,1,6499
Audi,A4,2017,2.7,Electric,Automatic,172248,3,2,11955
Volkswagen,Golf,2017,4.3,Petrol,Automatic,179528,2,5,11409
Hyundai,Sonata,2014,2.3,Electric,Manual,1752,4,2,12564
Mercedes,GLA,2008,3.2,Electric,Manual,25557,5,4,11188
BMW,5 Series,2007,3.9,Hybrid,Automatic,211162,5,5,8376
Audi,A3,2014,4,Petrol,Automatic,182364,5,5,10152
Hyundai,Sonata,2010,1.6,Petrol,Automatic,112946,2,5,7941
Ford,Focus,2009,2.1,Petrol,Automatic,122067,4,4,7958
Toyota,RAV4,2008,3.5,Electric,Semi-Automatic,296747,3,1,6065
BMW,5 Series,2018,2.8,Petrol,Semi-Automatic,23722,5,5,11825
Hyundai,Elantra,2000,1.8,Petrol,Manual,161487,3,5,2670
Ford,Focus,2009,4.1,Petrol,Automatic,99562,5,2,10408
Kia,Optima,2018,1.9,Electric,Manual,107386,5,4,11252
Volkswagen,Golf,2021,4,Diesel,Automatic,32991,5,3,15240
Audi,A3,2017,1.7,Diesel,Manual,156940,4,2,7761
Toyota,Camry,2007,2.2,Diesel,Manual,87444,4,4,6651
BMW,5 Series,2009,1.4,Petrol,Manual,232049,3,2,3559
Ford,Focus,2009,1.2,Hybrid,Automatic,114668,2,4,8206
Toyota,Camry,2017,4.8,Electric,Semi-Automatic,297176,4,2,10056
Hyundai,Sonata,2011,4.1,Hybrid,Semi-Automatic,138965,4,4,9720
Volkswagen,Tiguan,2006,4.4,Petrol,Automatic,251894,2,4,6762
Toyota,Corolla,2006,2.8,Diesel,Semi-Automatic,174551,4,5,5208
BMW,5 Series,2011,3,Petrol,Automatic,260151,5,1,6696
Chevrolet,Malibu,2006,2.8,Petrol,Manual,253372,2,4,3632
Mercedes,GLA,2010,1.9,Hybrid,Manual,99563,3,5,8008
Ford,Fiesta,2014,3.9,Electric,Automatic,267949,3,2,10341
BMW,X5,2010,4.6,Diesel,Manual,79663,5,5,10106
Toyota,RAV4,2013,3.5,Electric,Automatic,85640,3,4,13287
Mercedes,E-Class,2001,4.4,Hybrid,Automatic,1937,4,4,11261
Ford,Fiesta,2014,3.2,Petrol,Automatic,253316,3,5,7933
Mercedes,E-Class,2007,3.2,Diesel,Semi-Automatic,203452,2,4,5330
Hyundai,Elantra,2022,4.2,Electric,Manual,181600,3,3,13268
BMW,X5,2002,2.9,Petrol,Manual,296864,4,2,2000
Kia,Sportage,2014,1.4,Hybrid,Semi-Automatic,262641,4,1,5447
Audi,Q5,2023,4.7,Electric,Automatic,222000,3,3,14760
Ford,Focus,2006,4.6,Petrol,Automatic,98002,5,4,10039
Kia,Sportage,2000,3.4,Hybrid,Manual,131933,4,1,5861
BMW,X5,2001,4.6,Diesel,Manual,287045,4,4,3259
Chevrolet,Malibu,2008,2.5,Petrol,Semi-Automatic,215987,5,3,4680
Honda,CR-V,2009,2.8,Diesel,Manual,201403,3,5,5571
BMW,3 Series,2021,3.9,Petrol,Manual,263073,4,3,9038
Audi,A3,2021,4.4,Diesel,Semi-Automatic,91956,2,2,12960
Kia,Sportage,2021,1.3,Hybrid,Manual,197902,5,5,8741
Toyota,RAV4,2006,1,Diesel,Automatic,107474,4,5,6250
BMW,5 Series,2011,1.1,Diesel,Automatic,178039,3,1,6439
BMW,5 Series,2009,4,Electric,Automatic,84645,2,2,12607
Kia,Optima,2020,4.1,Hybrid,Semi-Automatic,118504,2,4,12829
Honda,Accord,2009,2.7,Petrol,Manual,217224,4,5,5155
Toyota,Camry,2002,2.6,Petrol,Automatic,118041,3,4,6439
Audi,A4,2020,4.3,Diesel,Semi-Automatic,186962,3,5,10660
Mercedes,GLA,2023,1.3,Electric,Semi-Automatic,78961,5,2,12720
Mercedes,GLA,2010,1,Hybrid,Manual,296156,5,1,3176
Toyota,RAV4,2019,2,Petrol,Automatic,232074,3,5,8658
Ford,Explorer,2001,2.3,Electric,Manual,38542,5,2,7929
BMW,X5,2010,2.9,Diesel,Automatic,295058,5,1,5598
Toyota,Camry,2013,2.2,Hybrid,Manual,262285,4,4,5954
Ford,Explorer,2008,3.9,Electric,Semi-Automatic,225838,5,3,7883
Chevrolet,Equinox,2023,3,Hybrid,Automatic,230795,5,4,11884
Chevrolet,Malibu,2008,2.5,Petrol,Manual,94729,5,3,7105
Mercedes,C-Class,2022,3.1,Petrol,Automatic,282199,2,2,9656
Audi,A3,2006,2.6,Diesel,Automatic,282423,5,5,4351
Mercedes,C-Class,2004,4,Diesel,Manual,191859,3,5,5462
Ford,Fiesta,2004,2.2,Hybrid,Automatic,256459,4,5,4870
Kia,Sportage,2021,2.1,Electric,Semi-Automatic,74107,5,4,13017
Volkswagen,Golf,2019,3.9,Petrol,Manual,230974,5,3,9080
BMW,5 Series,2016,1.7,Petrol,Manual,56150,3,1,9477
Mercedes,C-Class,2010,4.7,Diesel,Semi-Automatic,256100,3,2,6678
Volkswagen,Golf,2006,2.7,Hybrid,Automatic,9512,2,1,10909
Audi,A3,2011,4.8,Petrol,Automatic,80241,2,3,12095
Audi,A4,2021,4.7,Diesel,Semi-Automatic,150713,2,4,12085
Audi,Q5,2018,1.7,Electric,Semi-Automatic,207019,2,3,9059
Audi,A3,2023,3.2,Petrol,Semi-Automatic,163039,3,3,10939
Toyota,Corolla,2000,2,Diesel,Manual,145101,3,5,3197
Ford,Focus,2016,1.4,Petrol,Semi-Automatic,278559,5,4,4728
Hyundai,Elantra,2017,4.2,Diesel,Automatic,269154,3,2,9516
Kia,Sportage,2010,2.3,Petrol,Manual,62065,2,2,8158
Audi,Q5,2023,1.9,Diesel,Manual,52679,5,3,11846
Toyota,Camry,2014,1,Petrol,Manual,177766,3,2,5744
Honda,Civic,2007,1.6,Electric,Manual,158154,3,4,6636
Chevrolet,Impala,2021,1.3,Electric,Automatic,52051,5,1,14158
Toyota,Camry,2023,1.5,Diesel,Manual,117049,2,5,10159
Toyota,Camry,2000,1.8,Electric,Automatic,271405,4,4,3971
Hyundai,Sonata,2010,2.6,Hybrid,Semi-Automatic,260006,3,3,5499
Toyota,RAV4,2012,1.7,Petrol,Manual,234785,3,1,4704
Kia,Optima,2009,1.6,Electric,Automatic,222076,5,4,7458
Volkswagen,Passat,2002,1.8,Petrol,Manual,194835,3,3,2603
Ford,Focus,2013,2,Diesel,Automatic,145970,2,2,8580
Ford,Fiesta,2011,1.4,Hybrid,Automatic,30785,4,3,10684
Audi,Q5,2015,3.7,Diesel,Semi-Automatic,57196,3,1,11156
Kia,Sportage,2019,4,Diesel,Semi-Automatic,50680,3,4,12786
Toyota,RAV4,2001,4.7,Diesel,Semi-Automatic,230052,2,3,4498
Honda,Civic,2019,4.2,Petrol,Manual,273193,2,4,8536
Hyundai,Elantra,2003,4.4,Hybrid,Semi-Automatic,169451,2,2,7010
BMW,X5,2020,2.2,Electric,Automatic,286174,4,5,10076
Chevrolet,Malibu,2004,4.9,Diesel,Manual,242712,5,4,5345
Hyundai,Elantra,2014,3.4,Electric,Manual,227371,4,5,9152
Kia,Optima,2002,1.7,Diesel,Manual,79442,4,2,4811
Toyota,Corolla,2005,3.2,Petrol,Automatic,29885,2,2,9702
Volkswagen,Tiguan,2008,4.3,Diesel,Semi-Automatic,261478,4,5,5570
Kia,Optima,2010,1.2,Petrol,Automatic,170847,4,4,6383
BMW,X5,2001,4.1,Electric,Semi-Automatic,87221,5,4,8755
Mercedes,C-Class,2014,2.9,Petrol,Manual,217980,4,4,6840
Volkswagen,Passat,2010,4.1,Electric,Automatic,71288,5,2,13274
BMW,5 Series,2016,4.5,Diesel,Manual,91092,2,1,11578
Honda,Civic,2020,4.4,Petrol,Semi-Automatic,24913,3,3,14001
Kia,Sportage,2000,4.2,Hybrid,Semi-Automatic,155444,3,5,6191
Mercedes,E-Class,2014,2.5,Electric,Semi-Automatic,171683,3,2,9366
Honda,CR-V,2015,4.8,Diesel,Automatic,295428,3,5,8991
Volkswagen,Golf,2010,3.9,Petrol,Automatic,207380,2,5,8352
Mercedes,C-Class,2012,1.5,Electric,Automatic,89226,5,5,10915
BMW,3 Series,2001,4.6,Hybrid,Manual,79217,4,4,8415
Mercedes,E-Class,2010,3.3,Diesel,Automatic,297971,2,3,5940
Ford,Fiesta,2011,3.5,Diesel,Semi-Automatic,178950,2,3,7321
Audi,A3,2017,3.4,Electric,Automatic,148880,3,5,13122
Honda,Accord,2013,1.7,Petrol,Semi-Automatic,23936,4,4,9221
Audi,Q5,2002,2.1,Electric,Manual,68076,4,1,7438
Chevrolet,Malibu,2015,2.9,Diesel,Automatic,144743,2,3,10105
Kia,Rio,2014,4.4,Diesel,Semi-Automatic,90279,3,5,10894
Audi,A3,2018,2.5,Diesel,Semi-Automatic,56429,2,1,10871
Audi,A3,2014,2.9,Diesel,Automatic,1197,2,5,12676
Mercedes,C-Class,2021,1.9,Petrol,Automatic,200177,2,2,9796
Chevrolet,Malibu,2022,3,Diesel,Manual,5679,2,4,13586
BMW,3 Series,2011,3.3,Hybrid,Manual,14586,4,1,11408
Kia,Sportage,2001,3.6,Hybrid,Semi-Automatic,202216,3,3,4955
BMW,5 Series,2002,4.8,Petrol,Manual,249673,5,1,4506
Chevrolet,Impala,2011,1.7,Diesel,Manual,39156,3,1,8316
Volkswagen,Golf,2010,4.5,Electric,Semi-Automatic,68014,3,2,12239
Ford,Focus,2008,2.4,Petrol,Manual,126868,5,3,6362
Mercedes,E-Class,2010,3,Electric,Manual,258632,4,5,6927
Ford,Fiesta,2021,4.3,Hybrid,Semi-Automatic,201170,3,5,11676
Audi,A3,2019,2.9,Hybrid,Manual,13569,2,3,13428
BMW,3 Series,2020,2.1,Diesel,Semi-Automatic,191301,3,1,8373
Kia,Sportage,2002,4.4,Petrol,Semi-Automatic,169424,3,3,5711
BMW,X5,2010,2.9,Petrol,Manual,63026,2,5,8739
Chevrolet,Malibu,2001,4.8,Electric,Semi-Automatic,145630,2,1,8287
Audi,Q5,2003,3.7,Diesel,Automatic,44024,4,4,9319
Audi,Q5,2022,1.2,Electric,Manual,122902,2,3,11441
Audi,A3,2012,4,Electric,Semi-Automatic,92692,3,2,11846
Chevrolet,Equinox,2020,2.9,Petrol,Automatic,22360,2,5,14052
Mercedes,E-Class,2018,3.4,Diesel,Manual,53596,5,1,11828
Honda,Accord,2000,3.6,Electric,Semi-Automatic,45737,5,1,8785
Kia,Sportage,2020,3,Hybrid,Automatic,98160,2,5,13636
Chevrolet,Impala,2018,4,Petrol,Manual,253702,3,4,8425
Ford,Explorer,2006,1.5,Hybrid,Semi-Automatic,94715,5,2,6505
Volkswagen,Passat,2005,1.4,Diesel,Semi-Automatic,1841,2,2,6963
Kia,Optima,2021,1.6,Diesel,Semi-Automatic,109050,2,5,9819
BMW,5 Series,2008,4.4,Hybrid,Semi-Automatic,236894,2,1,7162
Toyota,Corolla,2016,4.4,Electric,Automatic,256691,4,1,11666
Ford,Explorer,2006,1.6,Hybrid,Semi-Automatic,235768,5,2,3784
Mercedes,C-Class,2003,4.4,Hybrid,Manual,88089,3,3,8638
Honda,CR-V,2007,3.8,Electric,Automatic,160230,4,2,10295
Mercedes,E-Class,2000,1.1,Diesel,Manual,233776,2,3,2000
Chevrolet,Equinox,2015,1.3,Hybrid,Semi-Automatic,117006,3,5,8559
Ford,Fiesta,2005,4.7,Diesel,Semi-Automatic,295379,2,2,4392
Chevrolet,Impala,2019,2.5,Hybrid,Manual,299406,3,1,7311
Ford,Explorer,2011,1.4,Petrol,Semi-Automatic,182197,4,3,5156
Volkswagen,Tiguan,2015,1.4,Electric,Semi-Automatic,235687,2,2,7286
Volkswagen,Passat,2005,1.6,Electric,Automatic,293339,5,1,4833
Audi,A3,2008,3.5,Diesel,Manual,79861,4,1,8402
Mercedes,C-Class,2020,1.9,Petrol,Semi-Automatic,288000,4,5,6240
Kia,Rio,2022,1.6,Diesel,Automatic,295898,3,1,7882
Toyota,RAV4,2005,2.5,Hybrid,Semi-Automatic,239287,4,1,4314
Honda,CR-V,2016,4.4,Petrol,Automatic,7588,4,5,14648
Volkswagen,Tiguan,2002,3.4,Diesel,Automatic,152117,3,2,6557
Kia,Sportage,2019,4.4,Petrol,Manual,195296,5,4,10294
Chevrolet,Impala,2006,4.4,Diesel,Automatic,191716,2,3,7965
Honda,CR-V,2000,3.6,Petrol,Manual,230409,2,3,3091
Honda,Civic,2014,1.1,Diesel,Automatic,106397,4,2,8772
Volkswagen,Passat,2007,3.7,Electric,Manual,295514,2,4,5989
Kia,Sportage,2001,3.1,Hybrid,Automatic,232603,4,4,5347
Mercedes,E-Class,2000,2.5,Diesel,Manual,18150,3,5,6237
Volkswagen,Passat,2000,1.8,Petrol,Automatic,222084,2,3,2958
Toyota,Corolla,2016,3.7,Petrol,Manual,59160,5,2,11416
Chevrolet,Equinox,2016,2.3,Petrol,Semi-Automatic,73775,3,4,9724
Mercedes,E-Class,2007,2.4,Electric,Automatic,89733,3,1,10305
Hyundai,Tucson,2002,2.6,Petrol,Semi-Automatic,11401,5,4,7071
Chevrolet,Impala,2019,4.4,Diesel,Semi-Automatic,233465,2,1,9530
Volkswagen,Golf,2016,4.3,Petrol,Semi-Automatic,240885,3,2,8382
Mercedes,GLA,2006,3.5,Electric,Semi-Automatic,25049,4,5,10899
Chevrolet,Equinox,2003,2,Hybrid,Semi-Automatic,110430,3,1,5791
Hyundai,Elantra,2018,3.7,Electric,Semi-Automatic,205909,3,2,11081
Ford,Explorer,2011,1.4,Hybrid,Semi-Automatic,161912,4,4,6561
Mercedes,C-Class,2002,3.6,Hybrid,Automatic,54815,3,5,9703
Hyundai,Elantra,2019,3.3,Electric,Manual,128619,3,5,12527
Honda,Civic,2019,4,Hybrid,Manual,121403,5,2,12371
Toyota,Corolla,2019,4.2,Electric,Semi-Automatic,253093,5,4,10938
Chevrolet,Malibu,2022,4.8,Petrol,Semi-Automatic,97890,2,2,13542
Toyota,Camry,2016,1.2,Diesel,Manual,157466,4,1,6950
Kia,Rio,2004,3.6,Petrol,Semi-Automatic,168226,4,4,5535
Audi,A3,2009,1.2,Petrol,Automatic,275586,3,5,3988
Ford,Focus,2015,1.9,Electric,Manual,50573,4,5,11488
Volkswagen,Tiguan,2006,2.6,Electric,Manual,219205,5,5,6115
Hyundai,Elantra,2008,2.7,Electric,Automatic,1708,5,2,12665
Kia,Rio,2012,3.6,Petrol,Automatic,244437,2,2,7911
Kia,Sportage,2016,2.1,Electric,Manual,134097,4,5,10318
Ford,Fiesta,2010,1.1,Hybrid,Manual,98700,5,3,7226
Mercedes,E-Class,2018,1.6,Hybrid,Manual,78445,4,4,10531
Chevrolet,Equinox,2001,3.6,Hybrid,Semi-Automatic,93140,2,1,7137
Hyundai,Elantra,2006,3,Diesel,Automatic,288209,3,2,4635
Hyundai,Sonata,2009,4.4,Hybrid,Semi-Automatic,282931,5,3,6541
Volkswagen,Passat,2023,3,Hybrid,Automatic,242006,5,1,11659
Kia,Optima,2006,4.6,Hybrid,Manual,272450,4,3,6051
Kia,Sportage,2002,4.4,Petrol,Automatic,54982,5,5,9500
Chevrolet,Malibu,2003,1.2,Diesel,Semi-Automatic,53980,4,3,5120
Ford,Explorer,2019,1.6,Hybrid,Semi-Automatic,84291,4,4,10714
Hyundai,Sonata,2002,3.1,Hybrid,Semi-Automatic,264010,5,1,3519
Audi,A3,2020,1.7,Hybrid,Semi-Automatic,54068,4,1,11718
Hyundai,Tucson,2002,4.4,Petrol,Manual,253283,4,1,4034
BMW,5 Series,2010,1.1,Petrol,Automatic,1666,4,3,9666
Honda,Accord,2000,2.8,Electric,Automatic,128713,4,2,7825
Toyota,Camry,2004,2.9,Diesel,Automatic,155101,3,5,6597
Volkswagen,Passat,2002,3.1,Diesel,Automatic,153222,5,2,6235
BMW,3 Series,2004,3,Electric,Semi-Automatic,140269,4,1,7494
Toyota,Corolla,2022,4.6,Diesel,Automatic,48034,3,1,15839
Honda,Accord,2007,1.7,Electric,Automatic,197700,2,4,7446
Ford,Focus,2020,1.3,Hybrid,Manual,130961,2,4,9780
Volkswagen,Tiguan,2009,1.5,Electric,Semi-Automatic,204370,4,4,6212
Ford,Explorer,2005,1.9,Diesel,Semi-Automatic,103956,5,2,5420
Chevrolet,Equinox,2004,3,Electric,Manual,86109,3,5,8577
Kia,Sportage,2011,1.7,Hybrid,Manual,264104,4,2,4817
Honda,Accord,2019,2.1,Petrol,Automatic,1068,2,1,13378
Hyundai,Elantra,2004,3.1,Electric,Automatic,202084,2,1,7858
BMW,3 Series,2012,4.5,Petrol,Semi-Automatic,78159,3,1,10636
Kia,Optima,2012,2.7,Electric,Automatic,188249,3,4,10135
Audi,A4,2021,3.6,Diesel,Semi-Automatic,252284,5,4,8954
Mercedes,C-Class,2011,4.8,Diesel,Manual,120010,4,5,9799
Mercedes,GLA,2007,4.8,Petrol,Semi-Automatic,77167,4,4,9456
Audi,Q5,2021,3,Diesel,Semi-Automatic,226346,5,4,8873
Toyota,Camry,2014,4.1,Diesel,Automatic,35164,3,3,13196
Ford,Explorer,2015,4.3,Electric,Manual,147409,3,1,11951
Ford,Fiesta,2016,3.6,Diesel,Manual,292131,4,4,6657
Kia,Rio,2016,1.6,Electric,Automatic,285860,4,5,8282
Audi,A3,2005,2.3,Electric,Manual,112828,3,2,7643
Audi,Q5,2023,3.5,Hybrid,Semi-Automatic,225090,2,2,10998
Volkswagen,Golf,2003,2.5,Electric,Manual,235804,3,1,4783
Kia,Rio,2007,4.7,Electric,Manual,18622,4,3,12527
Honda,Civic,2001,1.8,Electric,Semi-Automatic,38814,4,5,7423
Volkswagen,Golf,2001,2.3,Diesel,Manual,64027,3,2,5419
Kia,Rio,2013,2.7,Hybrid,Manual,155927,5,4,8581
Honda,CR-V,2000,3.5,Hybrid,Semi-Automatic,181019,2,2,4979
Ford,Focus,2014,3.8,Diesel,Semi-Automatic,91618,4,4,10267
Chevrolet,Equinox,2004,2.6,Hybrid,Semi-Automatic,234638,5,3,4207
Ford,Focus,2006,4.4,Hybrid,Automatic,213796,4,4,8524
Hyundai,Elantra,2008,4.5,Electric,Semi-Automatic,242378,4,3,8152
Kia,Optima,2015,3.4,Electric,Manual,68256,4,2,12634
Honda,CR-V,2012,4.9,Electric,Manual,4608,3,2,14507
Ford,Fiesta,2014,4.7,Electric,Automatic,262198,4,2,11256
Hyundai,Elantra,2014,3.7,Petrol,Semi-Automatic,203553,3,5,7928
Audi,A4,2007,1.4,Petrol,Manual,252417,3,3,2551
Ford,Focus,2010,3.9,Hybrid,Automatic,42902,3,5,12641
Audi,A4,2020,4.8,Electric,Manual,116761,2,3,14564
Mercedes,C-Class,2015,2.7,Diesel,Manual,181326,5,5,7673
Ford,Explorer,2008,4.1,Electric,Manual,286699,3,5,6866
Toyota,RAV4,2013,3.8,Hybrid,Automatic,149662,2,1,11306
Volkswagen,Tiguan,2019,4.7,Petrol,Semi-Automatic,213300,4,1,10234
Toyota,RAV4,2015,2,Diesel,Manual,125458,2,3,8090
Hyundai,Sonata,2011,2.5,Petrol,Manual,61333,2,1,8673
BMW,X5,2009,3.8,Electric,Automatic,103338,3,3,12033
Hyundai,Elantra,2019,1.9,Electric,Automatic,44978,4,4,14300
Honda,Accord,2002,2.5,Electric,Automatic,119657,2,2,8306
Ford,Explorer,2003,2.2,Electric,Manual,106537,4,4,7069
Honda,Accord,2005,2.8,Electric,Manual,228351,2,2,5832
Volkswagen,Golf,2000,1,Hybrid,Semi-Automatic,156258,4,1,2974
Mercedes,C-Class,2022,3.6,Diesel,Manual,233628,5,2,9627
Honda,Accord,2000,2.9,Hybrid,Semi-Automatic,238272,5,1,3234
Chevrolet,Malibu,2023,2,Diesel,Manual,280794,2,3,7384
Kia,Rio,2005,2.6,Diesel,Semi-Automatic,14058,5,4,7918
Audi,A3,2018,3.3,Hybrid,Semi-Automatic,274434,3,2,8311
Chevrolet,Equinox,2015,3.2,Diesel,Automatic,60419,4,4,12091
BMW,X5,2021,5,Petrol,Semi-Automatic,98604,2,4,13427
Volkswagen,Golf,2023,1.6,Petrol,Automatic,133425,5,5,11431
Hyundai,Tucson,2004,4.2,Hybrid,Manual,271816,3,5,5063
Mercedes,GLA,2019,2.9,Petrol,Semi-Automatic,247451,3,3,7750
Ford,Fiesta,2014,4.7,Petrol,Semi-Automatic,85892,5,2,11282
Ford,Explorer,2006,3.1,Electric,Semi-Automatic,252610,2,3,5947
Audi,A4,2020,1.3,Hybrid,Manual,282883,4,1,6742
BMW,5 Series,2020,2.7,Hybrid,Semi-Automatic,109271,3,4,11614
Mercedes,GLA,2018,2,Hybrid,Automatic,119566,5,5,11608
Ford,Focus,2009,3,Diesel,Manual,54105,3,2,8717
Honda,CR-V,2020,2.4,Hybrid,Manual,103185,2,3,11436
Chevrolet,Impala,2010,1.8,Hybrid,Manual,227999,5,1,5340
BMW,X5,2000,1.1,Hybrid,Automatic,141537,3,2,4869
Hyundai,Elantra,2022,2.8,Diesel,Automatic,250524,5,5,9989
BMW,5 Series,2012,1.7,Petrol,Automatic,163543,5,4,7629
Audi,A4,2021,2.7,Petrol,Manual,283597,2,2,7428
Kia,Rio,2021,3.6,Petrol,Automatic,79401,4,3,13911
Ford,Fiesta,2007,3.4,Electric,Manual,125769,3,1,9084
Hyundai,Sonata,2009,4.1,Diesel,Manual,67077,2,5,9558
Hyundai,Sonata,2007,2.3,Electric,Manual,76257,2,3,8974
Ford,Focus,2010,1.2,Electric,Automatic,220484,4,4,7390
Toyota,Camry,2010,4.7,Petrol,Semi-Automatic,155338,5,1,8693
Volkswagen,Tiguan,2006,3.1,Electric,Automatic,135166,5,1,9796
Ford,Fiesta,2009,2.4,Petrol,Automatic,22624,4,4,10247
Audi,A3,2002,3.2,Hybrid,Automatic,106780,2,5,8264
Mercedes,C-Class,2017,2.3,Electric,Semi-Automatic,40455,4,1,12690
Ford,Explorer,2007,1.1,Diesel,Semi-Automatic,261935,4,2,2061
Honda,CR-V,2015,2.2,Electric,Manual,164031,4,5,9519
Mercedes,GLA,2018,4.8,Hybrid,Automatic,108824,3,4,14623
Honda,CR-V,2001,4.3,Petrol,Semi-Automatic,67506,3,4,7349
Mercedes,C-Class,2013,1.5,Hybrid,Automatic,198747,5,4,8025
Honda,CR-V,2004,1.3,Electric,Automatic,189304,5,1,6313
Audi,A3,2019,3.1,Diesel,Semi-Automatic,171550,3,5,9469
Chevrolet,Malibu,2011,4.8,Electric,Automatic,49802,2,4,14703
Kia,Rio,2006,4.9,Electric,Manual,32528,4,3,12149
Kia,Rio,2002,3.3,Diesel,Automatic,252871,3,2,4442
Hyundai,Tucson,2010,3.6,Diesel,Semi-Automatic,37887,5,5,9942
Kia,Optima,2003,1.5,Electric,Automatic,243023,2,3,5139
Ford,Fiesta,2011,5,Petrol,Automatic,125014,4,5,11399
BMW,X5,2007,2,Electric,Automatic,225309,2,5,7193
Volkswagen,Golf,2012,1.5,Electric,Semi-Automatic,19946,5,4,10801
Toyota,RAV4,2016,1.5,Electric,Semi-Automatic,34256,4,3,11714
BMW,X5,2007,2.1,Electric,Manual,48326,5,4,9333
Chevrolet,Impala,2018,3.9,Hybrid,Automatic,22059,4,3,15458
BMW,5 Series,2016,3.1,Petrol,Automatic,82589,2,3,11848
Mercedes,GLA,2005,3.5,Hybrid,Manual,254719,4,4,5005
Volkswagen,Tiguan,2012,2.8,Diesel,Manual,22534,5,2,10049
Audi,A4,2009,3.3,Electric,Semi-Automatic,105672,5,2,9986
Ford,Focus,2013,3.5,Electric,Manual,184223,2,1,9815
Ford,Fiesta,2012,3.4,Electric,Automatic,66901,3,3,13261
Toyota,Camry,2014,2.8,Petrol,Semi-Automatic,277899,2,5,5542
Hyundai,Elantra,2010,4.5,Hybrid,Manual,93756,3,1,10724
Mercedes,GLA,2005,3.8,Electric,Automatic,159958,5,2,9700
Hyundai,Tucson,2020,2.7,Petrol,Automatic,130146,2,3,11697
Audi,Q5,2017,3.4,Petrol,Semi-Automatic,184285,4,3,8914
Ford,Explorer,2001,1.1,Hybrid,Manual,221586,3,5,2068
Ford,Explorer,2005,2.1,Electric,Automatic,40020,5,2,10399
Volkswagen,Tiguan,2017,3.3,Electric,Automatic,201512,4,3,11969
Kia,Sportage,2014,1.3,Diesel,Semi-Automatic,180373,5,5,5992
Toyota,Corolla,2014,4.7,Petrol,Semi-Automatic,114382,5,3,10712
Mercedes,E-Class,2003,1.9,Petrol,Automatic,211135,5,1,4177
Mercedes,C-Class,2007,2,Petrol,Semi-Automatic,118689,5,1,5826
Kia,Sportage,2017,3.4,Diesel,Manual,149589,2,2,9608
Audi,A4,2022,1.4,Electric,Manual,84573,3,4,12408
Chevrolet,Impala,2004,1.8,Diesel,Semi-Automatic,149851,4,2,4102
Hyundai,Sonata,2002,2.4,Petrol,Automatic,122979,3,5,6140
Audi,A4,2018,1.6,Diesel,Manual,180019,3,5,7499
BMW,3 Series,2001,4.7,Diesel,Semi-Automatic,107974,3,3,6940
Mercedes,GLA,2003,2.2,Hybrid,Semi-Automatic,17393,3,5,7852
Ford,Fiesta,2001,2.6,Electric,Semi-Automatic,74,2,2,8998
Toyota,Corolla,2014,1.2,Electric,Automatic,215776,4,4,8684
Volkswagen,Golf,2022,4.1,Hybrid,Semi-Automatic,15423,4,3,15491
Volkswagen,Tiguan,2009,2.1,Diesel,Automatic,216808,5,1,6063
BMW,3 Series,2001,4.2,Electric,Automatic,271492,5,3,6670
BMW,5 Series,2017,2.7,Electric,Automatic,23058,2,3,14938
Toyota,Corolla,2015,4.9,Electric,Manual,292193,5,2,9656
Mercedes,C-Class,2020,1.2,Petrol,Manual,100045,5,5,9299
Toyota,Corolla,2018,3.5,Petrol,Automatic,230823,3,5,9883
Ford,Fiesta,2020,2.9,Hybrid,Automatic,123389,4,4,13032
Kia,Sportage,2020,2.7,Diesel,Automatic,87168,5,3,12556
Honda,CR-V,2016,3.2,Diesel,Manual,253949,5,1,7021
Ford,Focus,2001,4.1,Diesel,Semi-Automatic,88202,2,5,6735
Volkswagen,Golf,2010,4.6,Hybrid,Semi-Automatic,89735,5,5,10905
Chevrolet,Malibu,2015,4.3,Petrol,Semi-Automatic,190674,4,1,9086
Honda,Civic,2007,3,Diesel,Manual,45399,3,1,8292
Kia,Sportage,2015,3.5,Diesel,Manual,118075,2,3,9738
BMW,5 Series,2023,1.8,Electric,Semi-Automatic,212962,2,4,10540
Ford,Explorer,2000,1.8,Hybrid,Manual,222734,3,4,2445
Volkswagen,Passat,2000,4.8,Electric,Automatic,158249,2,2,9235
BMW,3 Series,2008,4.4,Petrol,Semi-Automatic,268020,5,1,5539
Toyota,Corolla,2015,3,Electric,Manual,102552,3,3,11548
Honda,CR-V,2004,3.9,Electric,Automatic,96421,4,5,10771
Honda,Civic,2018,2.2,Hybrid,Automatic,227142,5,3,9657
Toyota,RAV4,2002,1.7,Petrol,Automatic,265079,4,4,2598
Kia,Sportage,2001,3.3,Electric,Semi-Automatic,258462,4,4,4530
Honda,Civic,2007,1.6,Electric,Semi-Automatic,84889,4,3,8102
Volkswagen,Tiguan,2023,4.6,Diesel,Automatic,193427,3,1,13231
Hyundai,Sonata,2020,3.4,Hybrid,Automatic,15353,3,4,15692
Honda,CR-V,2022,3,Diesel,Automatic,95078,5,2,13298
Volkswagen,Golf,2003,4.2,Petrol,Automatic,92303,4,1,8853
Ford,Explorer,2011,1.1,Diesel,Manual,122843,2,5,6043
Volkswagen,Passat,2006,3.3,Hybrid,Semi-Automatic,203140,3,1,6137
Audi,Q5,2019,1.5,Hybrid,Automatic,299007,2,2,7819
Honda,Civic,2000,3.6,Hybrid,Semi-Automatic,71037,2,2,7279
Hyundai,Tucson,2017,4.3,Diesel,Semi-Automatic,190312,5,2,9693
Kia,Sportage,2003,2.3,Diesel,Automatic,138463,5,1,6030
Volkswagen,Tiguan,2011,4.2,Hybrid,Manual,49206,5,5,11615
BMW,5 Series,2009,1.8,Electric,Semi-Automatic,115364,2,1,8292
Toyota,RAV4,2021,3.3,Diesel,Automatic,291239,5,2,9375
Mercedes,C-Class,2000,4.2,Petrol,Manual,270079,5,2,2898
Mercedes,E-Class,2015,2.4,Diesel,Semi-Automatic,260513,4,5,5789
Toyota,Corolla,2016,3.7,Diesel,Semi-Automatic,191330,5,2,8773
Volkswagen,Tiguan,2019,3.9,Electric,Manual,133300,4,1,13034
Honda,Accord,2020,3.6,Hybrid,Semi-Automatic,51251,5,5,13674
BMW,X5,2021,1.7,Petrol,Semi-Automatic,48231,5,2,11135
Chevrolet,Impala,2013,2.2,Electric,Automatic,196832,3,1,9763
Hyundai,Elantra,2023,4.3,Petrol,Semi-Automatic,49540,4,2,14309
Chevrolet,Malibu,2014,2.2,Electric,Automatic,47950,3,1,13041
Audi,Q5,2014,4,Petrol,Semi-Automatic,237177,2,4,7556
Volkswagen,Tiguan,2011,4.9,Petrol,Semi-Automatic,285572,2,4,6588
Ford,Focus,2017,3.6,Petrol,Semi-Automatic,263823,5,4,7523
Volkswagen,Tiguan,2020,2.3,Petrol,Automatic,134572,4,1,11208
Ford,Explorer,2019,3.7,Electric,Manual,234754,2,2,10804
BMW,3 Series,2019,3.2,Electric,Manual,248880,5,5,10022
Ford,Explorer,2010,1.6,Petrol,Manual,36425,3,4,7971
Kia,Optima,2001,4.2,Electric,Semi-Automatic,189692,3,5,6806
Toyota,Corolla,2001,4.8,Electric,Semi-Automatic,107723,2,3,9045
Kia,Rio,2023,3.4,Petrol,Manual,177464,4,3,10850
Audi,A4,2011,2.8,Petrol,Manual,104757,3,5,8104
Kia,Sportage,2017,2.6,Electric,Automatic,108462,2,1,13130
Hyundai,Sonata,2022,3.1,Hybrid,Automatic,28342,3,5,15733
Volkswagen,Golf,2016,2.8,Hybrid,Automatic,218978,2,1,9820
BMW,5 Series,2018,3.9,Electric,Manual,216924,5,3,11061
Ford,Fiesta,2014,2.8,Electric,Semi-Automatic,136710,5,1,10365
Hyundai,Elantra,2001,4.1,Petrol,Manual,187046,2,3,4759
Hyundai,Elantra,2005,2.7,Hybrid,Automatic,45510,2,3,9889
Ford,Explorer,2003,1.4,Diesel,Automatic,267644,3,3,2547
Mercedes,GLA,2002,4.8,Diesel,Automatic,248863,2,1,6022
BMW,5 Series,2022,1.6,Petrol,Automatic,112224,2,1,11555
BMW,3 Series,2012,4.1,Hybrid,Semi-Automatic,269110,5,5,7417
Kia,Rio,2006,1.1,Hybrid,Automatic,71600,2,2,8068
Mercedes,C-Class,2020,2.3,Electric,Manual,167084,3,4,11058
Hyundai,Elantra,2018,3,Hybrid,Manual,209783,2,4,9304
Honda,CR-V,2000,2.4,Electric,Automatic,122782,5,3,7544
Volkswagen,Passat,2018,3.5,Electric,Manual,44918,4,3,14101
BMW,X5,2011,3.3,Hybrid,Semi-Automatic,59350,5,1,10513
Toyota,Camry,2005,4.4,Petrol,Automatic,124854,4,2,9002
Honda,Accord,2002,1.7,Hybrid,Manual,129658,4,2,4806
Ford,Explorer,2017,5,Electric,Semi-Automatic,174286,4,1,12714
Audi,A4,2009,4.5,Petrol,Automatic,119948,3,3,10401
Audi,A4,2000,3.8,Petrol,Semi-Automatic,63543,5,1,6629
BMW,5 Series,2005,3.9,Diesel,Semi-Automatic,123959,2,3,7020
Mercedes,GLA,2020,1.7,Diesel,Automatic,119413,3,3,10911
Mercedes,GLA,2002,4.6,Electric,Automatic,28405,5,4,12231
Audi,Q5,2010,3.8,Diesel,Automatic,19071,3,1,12018
Chevrolet,Equinox,2017,1.8,Petrol,Semi-Automatic,96482,5,5,9070
Honda,Civic,2015,2.3,Electric,Semi-Automatic,207427,4,5,8751
Hyundai,Elantra,2012,2.6,Petrol,Semi-Automatic,291400,5,2,4472
Chevrolet,Impala,2023,2.1,Petrol,Automatic,41573,5,4,13768
Chevrolet,Equinox,2003,3.3,Hybrid,Automatic,100141,2,3,8797
Chevrolet,Equinox,2012,1.4,Diesel,Semi-Automatic,128584,3,5,6528
Ford,Explorer,2003,4.9,Diesel,Automatic,299066,4,3,5418
Mercedes,E-Class,2004,1.2,Diesel,Automatic,141943,4,1,5161
Volkswagen,Passat,2015,4.2,Petrol,Automatic,263711,3,2,9025
Audi,A4,2010,3.4,Hybrid,Automatic,281978,3,2,7360
Chevrolet,Malibu,2002,1.7,Electric,Manual,214459,5,1,4110
Honda,CR-V,2002,1.8,Electric,Manual,159351,2,3,5312
Chevrolet,Malibu,2000,2.8,Petrol,Manual,280108,5,3,2000
BMW,3 Series,2011,2.8,Hybrid,Manual,178509,4,4,7629
Hyundai,Sonata,2004,4,Petrol,Manual,17140,5,2,8957
Audi,A4,2017,2.6,Petrol,Automatic,280103,4,5,7697
Toyota,Camry,2012,4.1,Hybrid,Automatic,97971,5,1,12340
Audi,A3,2010,4.6,Electric,Automatic,226022,3,3,10679
Toyota,Corolla,2004,2.6,Petrol,Automatic,88330,2,4,7633
Mercedes,GLA,2012,4.7,Electric,Semi-Automatic,251019,2,3,9379
Kia,Rio,2021,1.4,Hybrid,Manual,115527,4,1,10489
BMW,5 Series,2020,4.1,Hybrid,Automatic,65158,3,1,15396
Honda,Civic,2011,4.6,Petrol,Semi-Automatic,136182,3,2,9276
Audi,A4,2018,3.3,Hybrid,Manual,171346,2,1,10373
BMW,3 Series,2011,3.9,Petrol,Automatic,31189,3,3,12176
Toyota,RAV4,2019,3.6,Diesel,Manual,98479,3,2,11430
Ford,Focus,2010,1.2,Electric,Automatic,214493,5,3,7510
Honda,Accord,2023,5,Petrol,Manual,238324,5,2,11233
BMW,X5,2000,3.3,Diesel,Manual,194043,3,4,3519
Audi,A4,2022,4.6,Hybrid,Semi-Automatic,226584,2,4,11768
Volkswagen,Tiguan,2017,2.6,Hybrid,Automatic,233248,5,1,9635
Audi,A3,2007,3.7,Electric,Automatic,213520,4,3,9129
Audi,Q5,2019,1.4,Diesel,Automatic,280967,2,3,7080
Ford,Fiesta,2006,2.7,Hybrid,Manual,51538,2,2,8569
Chevrolet,Malibu,2001,4.9,Petrol,Manual,70195,2,2,7896
Mercedes,C-Class,2015,4.4,Hybrid,Semi-Automatic,139468,5,4,11210
Chevrolet,Impala,2005,3.1,Hybrid,Semi-Automatic,42542,2,4,8849
Hyundai,Tucson,2020,2.3,Hybrid,Semi-Automatic,192030,4,1,9559
Toyota,Corolla,2023,3.4,Hybrid,Semi-Automatic,19096,3,2,15018
BMW,5 Series,2002,4.7,Diesel,Semi-Automatic,273477,4,4,3930
Ford,Explorer,2012,1.7,Diesel,Semi-Automatic,18936,2,4,9021
Honda,Civic,2009,2.3,Petrol,Manual,182780,2,2,5444
Ford,Focus,2019,4.6,Diesel,Automatic,141392,3,5,13072
BMW,X5,2009,3.1,Petrol,Manual,65564,2,4,8588
Honda,CR-V,2017,1.6,Electric,Semi-Automatic,125535,4,3,10289
BMW,3 Series,2004,3,Electric,Manual,215571,3,5,5988
Hyundai,Tucson,2021,3.9,Diesel,Automatic,217374,2,4,11452
Hyundai,Tucson,2004,4,Hybrid,Automatic,173201,4,2,8335
Honda,Civic,2019,3.2,Diesel,Manual,158300,3,2,9834
Chevrolet,Malibu,2022,4.8,Hybrid,Semi-Automatic,117267,2,4,14154
Chevrolet,Impala,2014,2,Petrol,Automatic,181881,5,5,8162
Toyota,Corolla,2017,1.6,Electric,Semi-Automatic,46400,3,3,11872
Ford,Fiesta,2005,4.2,Petrol,Manual,125377,4,1,7292
BMW,3 Series,2018,5,Diesel,Manual,142084,3,2,11658
Mercedes,E-Class,2014,1.7,Petrol,Manual,95579,3,3,8088
Honda,Civic,2002,4.3,Diesel,Manual,275483,4,1,3490
Kia,Rio,2004,3.7,Diesel,Automatic,68962,4,5,9120
Volkswagen,Golf,2010,3.1,Hybrid,Semi-Automatic,265548,5,4,5889
Kia,Sportage,2015,4,Hybrid,Semi-Automatic,161451,5,5,10370
Toyota,Corolla,2014,1.4,Electric,Semi-Automatic,173573,4,4,8228
Mercedes,C-Class,2020,1.6,Petrol,Automatic,258410,3,1,8031
Mercedes,E-Class,2018,2.2,Electric,Manual,68474,3,1,12330
Honda,Accord,2003,2.2,Electric,Manual,278555,2,3,3628
Kia,Sportage,2012,2.7,Electric,Semi-Automatic,113357,3,4,10132
Honda,Civic,2022,1.2,Petrol,Semi-Automatic,118189,5,2,9536
Kia,Sportage,2005,3,Electric,Automatic,52129,4,4,11057
Kia,Optima,2020,1.3,Petrol,Automatic,1213,4,5,12875
Toyota,RAV4,2007,4.9,Hybrid,Semi-Automatic,193478,2,4,8230
Chevrolet,Equinox,2007,2.9,Diesel,Manual,109544,3,4,6909
Volkswagen,Golf,2022,4.6,Diesel,Manual,145259,2,3,12394
Hyundai,Tucson,2022,1.3,Diesel,Semi-Automatic,86670,2,4,10266
Honda,CR-V,2022,3.8,Electric,Manual,90870,3,5,14682
Chevrolet,Equinox,2010,2.4,Electric,Semi-Automatic,88040,3,2,9739
Volkswagen,Passat,2007,3,Electric,Manual,272439,3,3,5751
BMW,5 Series,2018,4.6,Diesel,Manual,193942,3,1,10221
Audi,A4,2006,2.6,Petrol,Automatic,286546,4,4,4269
Honda,Civic,2008,4.5,Hybrid,Automatic,140691,3,1,10686
BMW,5 Series,2023,2.7,Diesel,Semi-Automatic,151802,5,4,10663
Audi,Q5,2012,3.3,Hybrid,Semi-Automatic,47107,2,5,11057
Chevrolet,Equinox,2015,2.9,Diesel,Semi-Automatic,116244,2,2,9175
Toyota,Corolla,2013,1.7,Electric,Semi-Automatic,248675,3,2,6726
Chevrolet,Malibu,2023,3.6,Hybrid,Manual,206061,4,5,11478
Toyota,RAV4,2003,3.7,Hybrid,Semi-Automatic,248288,5,1,4734
Toyota,Corolla,2020,2.8,Hybrid,Semi-Automatic,200179,2,3,9896
BMW,X5,2001,2.8,Hybrid,Automatic,124896,4,3,7202
Honda,Civic,2011,4.4,Hybrid,Semi-Automatic,34683,2,5,12106
BMW,5 Series,2008,4.6,Petrol,Automatic,211540,2,3,8369
Mercedes,C-Class,2020,4.3,Petrol,Semi-Automatic,245144,5,1,9497
Honda,CR-V,2006,2.6,Electric,Semi-Automatic,126424,2,5,7971
Chevrolet,Impala,2016,1.2,Hybrid,Manual,80455,4,4,9490
Honda,CR-V,2020,1.1,Electric,Manual,231642,4,1,8567
Kia,Sportage,2004,3.4,Electric,Automatic,93978,4,2,10320
Volkswagen,Passat,2005,1.5,Petrol,Manual,217997,5,4,2740
Hyundai,Sonata,2012,1.8,Hybrid,Manual,74195,2,1,9016
Hyundai,Sonata,2012,3.1,Electric,Automatic,211305,3,3,10073
Ford,Fiesta,2018,2,Petrol,Manual,5196,4,3,11396
Audi,Q5,2016,4.4,Hybrid,Semi-Automatic,181485,4,3,10670
BMW,X5,2019,4,Hybrid,Manual,238714,5,2,10025
Toyota,Camry,2012,3.9,Diesel,Manual,22645,2,4,11147
Audi,Q5,2012,1.3,Petrol,Automatic,89321,4,4,8713
BMW,X5,2014,3.8,Hybrid,Automatic,174202,5,4,11115
Toyota,RAV4,2023,1,Electric,Automatic,131850,3,4,12863
Mercedes,C-Class,2002,1.8,Electric,Semi-Automatic,236758,5,5,3764
Ford,Explorer,2014,2.5,Diesel,Automatic,172033,4,2,8859
Hyundai,Elantra,2014,3.1,Electric,Automatic,115640,4,1,12587
Mercedes,C-Class,2013,3.8,Diesel,Semi-Automatic,286873,5,1,6062
Toyota,Corolla,2016,3.8,Electric,Semi-Automatic,276633,5,5,9167
Kia,Rio,2016,1.7,Hybrid,Manual,104572,4,1,9508
Ford,Explorer,2007,1.8,Hybrid,Semi-Automatic,294977,4,2,3100
Hyundai,Elantra,2019,1.2,Petrol,Automatic,241090,2,4,7678
Kia,Rio,2018,4.4,Diesel,Manual,36711,2,4,13165
Volkswagen,Golf,2010,2.9,Electric,Manual,249910,5,3,7001
Hyundai,Tucson,2015,3.1,Petrol,Manual,257380,3,2,6552
Honda,Accord,2000,1.4,Diesel,Automatic,69339,5,4,5613
Hyundai,Tucson,2007,1.7,Diesel,Automatic,266758,4,2,4064
Audi,A3,2008,3.9,Hybrid,Automatic,217728,3,5,8545
BMW,3 Series,2019,4,Electric,Semi-Automatic,110440,4,1,13591
Volkswagen,Tiguan,2023,1.5,Diesel,Automatic,253722,2,2,8925
Volkswagen,Golf,2006,4.6,Diesel,Automatic,84861,5,4,10302
Kia,Optima,2002,2.7,Diesel,Automatic,293857,5,5,3022
Honda,CR-V,2019,1.1,Petrol,Automatic,159120,4,1,9217
Hyundai,Elantra,2012,4.7,Diesel,Semi-Automatic,1565,2,2,12368
Audi,A3,2012,3.3,Electric,Semi-Automatic,156438,4,4,9871
BMW,3 Series,2020,3.1,Hybrid,Automatic,156278,2,5,12574
Volkswagen,Golf,2022,2.3,Electric,Automatic,137767,3,5,13744
Ford,Fiesta,2015,3.3,Electric,Semi-Automatic,160346,2,5,10693
Chevrolet,Equinox,2021,1.5,Petrol,Automatic,52952,2,3,12340
BMW,5 Series,2023,2.9,Petrol,Manual,46588,2,5,12968
BMW,5 Series,2022,4.2,Diesel,Automatic,51622,5,2,15367
Chevrolet,Impala,2017,3.9,Electric,Semi-Automatic,106704,5,4,12965
Mercedes,E-Class,2011,1.1,Hybrid,Semi-Automatic,78434,2,2,7931
Ford,Fiesta,2006,3.9,Hybrid,Semi-Automatic,239992,3,2,6000
Audi,A3,2017,2.6,Diesel,Manual,122433,3,3,9351
Kia,Sportage,2005,2,Diesel,Manual,2587,4,5,7548
Honda,CR-V,2005,4.4,Electric,Manual,38437,4,3,11231
Chevrolet,Impala,2014,4.1,Petrol,Semi-Automatic,102784,5,3,10344
Volkswagen,Passat,2006,2.9,Diesel,Automatic,195789,3,4,6384
Kia,Sportage,2016,4.2,Diesel,Manual,99794,3,5,11104
Kia,Rio,2013,1.5,Diesel,Semi-Automatic,143174,2,4,6636
Chevrolet,Malibu,2014,4.1,Diesel,Automatic,30639,2,2,13287
Hyundai,Sonata,2011,2.3,Electric,Automatic,132009,5,3,10559
Audi,A4,2011,3.5,Electric,Manual,155375,2,4,9792
Ford,Explorer,2004,3.6,Petrol,Automatic,189756,3,3,6604
Toyota,Corolla,2010,3.9,Diesel,Semi-Automatic,149067,2,2,8018
Ford,Explorer,2021,1.7,Diesel,Manual,250370,3,4,7092
Toyota,Corolla,2021,1.4,Hybrid,Automatic,279321,5,5,8713
BMW,X5,2010,3.3,Electric,Manual,189540,4,4,8609
Hyundai,Tucson,2006,1.6,Hybrid,Semi-Automatic,102680,4,4,6446
Hyundai,Elantra,2015,3.7,Petrol,Automatic,215906,4,2,9481
Mercedes,E-Class,2002,1.7,Diesel,Manual,116977,2,5,4060
Hyundai,Tucson,2012,4.7,Hybrid,Manual,159236,5,2,10215
Mercedes,C-Class,2021,2.4,Diesel,Manual,94705,2,4,10905
Hyundai,Sonata,2018,2.3,Electric,Semi-Automatic,245073,4,5,8898
Audi,Q5,2020,2.5,Diesel,Automatic,188803,5,1,10323
Ford,Focus,2001,1.2,Petrol,Semi-Automatic,219120,3,4,2000
Chevrolet,Equinox,2002,2.2,Hybrid,Manual,23277,4,2,7434
Ford,Fiesta,2017,1.1,Hybrid,Automatic,9177,3,2,12616
Mercedes,E-Class,2005,4.9,Diesel,Manual,133103,4,4,7837
Honda,Civic,2006,1.4,Petrol,Manual,142293,4,3,4454
Audi,A4,2018,2.9,Petrol,Automatic,107147,3,5,11757
Kia,Sportage,2000,4.4,Diesel,Manual,21303,3,1,8073
BMW,3 Series,2020,4.6,Petrol,Semi-Automatic,132791,4,3,12044
Kia,Optima,2003,3.8,Electric,Manual,192356,5,2,6952
Mercedes,GLA,2004,4.8,Hybrid,Manual,123019,5,4,8639
Honda,CR-V,2017,1.3,Hybrid,Manual,132831,5,4,8843
Honda,Civic,2010,1.2,Petrol,Semi-Automatic,168167,4,4,4936
Honda,Accord,2008,3.5,Petrol,Semi-Automatic,73222,4,2,8535
Toyota,RAV4,2013,3.5,Hybrid,Semi-Automatic,288094,5,5,6738
Toyota,RAV4,2001,2.4,Diesel,Semi-Automatic,213779,5,1,2524
Audi,A3,2015,4.3,Hybrid,Semi-Automatic,115707,4,2,11585
BMW,X5,2013,2.6,Electric,Semi-Automatic,147066,2,2,9658
Toyota,Corolla,2020,3.3,Diesel,Semi-Automatic,107566,3,5,11248
Kia,Optima,2006,3.5,Petrol,Manual,154437,2,4,6311
Volkswagen,Passat,2018,1.9,Petrol,Manual,234775,3,4,6704
Honda,Civic,2013,4.7,Diesel,Automatic,205900,3,3,10082
BMW,5 Series,2000,4.8,Electric,Semi-Automatic,269373,4,1,5512
Chevrolet,Equinox,2002,3.9,Diesel,Automatic,204351,5,3,6012
Hyundai,Sonata,2000,2.2,Hybrid,Semi-Automatic,164580,3,1,4008
Honda,Accord,2016,3.1,Hybrid,Manual,181002,5,2,9379
Chevrolet,Equinox,2020,1.4,Petrol,Manual,94143,4,4,9617
Hyundai,Elantra,2012,2.2,Diesel,Semi-Automatic,152845,2,4,6843
Hyundai,Elantra,2016,3.7,Petrol,Manual,258070,3,3,7438
Hyundai,Elantra,2023,4.6,Petrol,Manual,84915,2,1,13901
Chevrolet,Equinox,2006,1.4,Hybrid,Manual,242946,3,3,3441
Mercedes,C-Class,2002,4,Electric,Automatic,292289,3,1,6354
Ford,Focus,2020,3.5,Hybrid,Automatic,226627,2,1,11567
Volkswagen,Tiguan,2020,2.3,Diesel,Manual,13991,5,5,12120
Kia,Optima,2011,2.1,Diesel,Semi-Automatic,81075,2,2,7878
BMW,3 Series,2003,2.9,Petrol,Manual,243002,4,5,3039
Chevrolet,Malibu,2006,4.6,Petrol,Manual,1828,4,3,10463
BMW,5 Series,2018,3.5,Electric,Automatic,220377,5,3,12092
Audi,Q5,2013,3.6,Diesel,Manual,168817,5,2,8223
Kia,Rio,2022,3,Electric,Manual,275218,2,4,10195
Hyundai,Sonata,2019,4.3,Hybrid,Automatic,122264,3,2,14154
Hyundai,Tucson,2002,4.1,Electric,Semi-Automatic,252722,3,5,5745
Toyota,RAV4,2022,1.8,Petrol,Semi-Automatic,35772,3,2,11784
Volkswagen,Passat,2012,3.5,Diesel,Semi-Automatic,31683,3,4,10566
Audi,A4,2015,4.6,Electric,Automatic,75917,3,5,15181
Audi,A3,2015,2.4,Diesel,Automatic,295350,4,2,6593
Ford,Explorer,2013,2.1,Electric,Manual,31523,4,3,11469
Volkswagen,Passat,2019,1.3,Petrol,Manual,105616,4,1,8987
Volkswagen,Tiguan,2016,2,Petrol,Manual,282282,2,3,5254
Chevrolet,Impala,2009,4.1,Diesel,Automatic,195365,5,2,8492
Hyundai,Elantra,2023,3.2,Petrol,Automatic,199087,2,1,11718
BMW,X5,2006,4.3,Petrol,Automatic,12893,3,5,11442
Audi,Q5,2020,2.1,Petrol,Manual,32116,5,2,11557
Ford,Explorer,2004,2.9,Electric,Automatic,33860,5,3,11022
Chevrolet,Impala,2011,1.1,Hybrid,Semi-Automatic,108748,5,2,7325
Kia,Optima,2023,3.6,Diesel,Automatic,50457,2,4,15090
Ford,Focus,2013,3,Petrol,Manual,74605,4,2,9507
Volkswagen,Tiguan,2001,1.3,Electric,Automatic,38154,2,5,8436
Toyota,RAV4,2019,4.7,Diesel,Manual,142336,5,1,11653
Hyundai,Tucson,2015,1.7,Petrol,Automatic,34257,4,3,11114
Volkswagen,Tiguan,2023,1.9,Hybrid,Automatic,254344,5,2,10313
Ford,Focus,2011,4.7,Hybrid,Manual,175723,2,5,9585
Toyota,RAV4,2006,4.1,Hybrid,Semi-Automatic,114178,2,2,8716
Toyota,Corolla,2022,4.4,Petrol,Manual,140127,2,1,12297
BMW,5 Series,2008,1.3,Hybrid,Manual,223511,3,3,4329
Mercedes,E-Class,2007,3.6,Petrol,Semi-Automatic,270713,5,2,4385
Ford,Focus,2013,2.1,Hybrid,Automatic,272064,4,5,7158
Volkswagen,Golf,2018,3.6,Electric,Manual,20269,3,4,14694
Toyota,Camry,2012,3.8,Electric,Semi-Automatic,9334,2,3,13313
Toyota,RAV4,2006,4.6,Petrol,Semi-Automatic,229372,5,4,5912
Hyundai,Sonata,2007,3.9,Hybrid,Semi-Automatic,168409,4,4,7731
Hyundai,Elantra,2023,3.2,Electric,Manual,185737,4,3,12485
Chevrolet,Impala,2019,2.3,Electric,Manual,294137,5,2,8217
Honda,Civic,2019,1.3,Hybrid,Semi-Automatic,110457,5,1,9890
Toyota,RAV4,2013,1.3,Electric,Manual,293472,3,5,5430
Hyundai,Elantra,2015,2.4,Diesel,Semi-Automatic,183600,2,3,7328
Volkswagen,Passat,2001,4.2,Diesel,Semi-Automatic,165301,3,5,5293
Chevrolet,Equinox,2019,4.2,Electric,Manual,143752,4,5,13124
Kia,Sportage,2007,4.7,Electric,Semi-Automatic,134772,3,5,10204
Chevrolet,Impala,2022,2.5,Electric,Automatic,109284,4,5,14514
Audi,A4,2015,1.6,Hybrid,Manual,209035,4,1,7019
Toyota,Corolla,2014,5,Electric,Manual,25556,4,3,14788
Toyota,Corolla,2006,2.6,Diesel,Semi-Automatic,243874,5,2,3622
Toyota,RAV4,2016,4.4,Diesel,Semi-Automatic,265121,3,4,7997
Ford,Focus,2002,4.2,Diesel,Manual,234547,3,4,4209
Chevrolet,Malibu,2021,3.1,Electric,Automatic,159076,4,4,13818
Hyundai,Elantra,2000,3.2,Electric,Semi-Automatic,182989,3,5,5640
Chevrolet,Malibu,2013,3.7,Hybrid,Manual,123113,5,2,10237
Audi,A4,2008,2.2,Diesel,Automatic,100395,3,5,8192
BMW,X5,2015,1.5,Electric,Manual,203048,3,1,8039
Hyundai,Sonata,2000,1.8,Petrol,Automatic,35261,3,2,6694
Ford,Fiesta,2001,3.3,Diesel,Semi-Automatic,67635,3,5,6347
Audi,Q5,2010,3.1,Electric,Automatic,180328,4,3,10093
Toyota,Corolla,2014,3.6,Diesel,Semi-Automatic,45675,2,5,10986
Chevrolet,Impala,2009,3.8,Electric,Manual,29401,2,2,12011
Audi,A4,2004,2.8,Hybrid,Manual,77212,3,5,7555
Kia,Optima,2017,2.2,Diesel,Manual,75720,4,2,9885
Chevrolet,Malibu,2007,3.1,Hybrid,Semi-Automatic,71671,5,2,8866
Hyundai,Tucson,2008,3.5,Electric,Manual,78887,5,2,10422
Chevrolet,Equinox,2009,1.2,Electric,Semi-Automatic,192340,4,4,6153
Ford,Focus,2018,4.1,Electric,Automatic,152256,2,5,14054
Volkswagen,Golf,2009,2.3,Hybrid,Automatic,74681,5,5,10106
Kia,Rio,2005,4.3,Diesel,Manual,185991,2,1,6180
Toyota,Corolla,2001,1.9,Electric,Automatic,44251,2,1,8914
Kia,Optima,2016,3.7,Hybrid,Manual,47895,3,4,12642
Toyota,Corolla,2019,2.7,Diesel,Automatic,259113,4,5,8817
Hyundai,Elantra,2020,3.7,Diesel,Semi-Automatic,32555,2,5,13148
Ford,Fiesta,2016,2.4,Petrol,Semi-Automatic,67824,4,3,9943
Audi,A4,2023,3.2,Diesel,Manual,164751,3,1,10904
Mercedes,C-Class,2018,2.6,Diesel,Semi-Automatic,237726,4,4,7345
Toyota,RAV4,2012,1.5,Diesel,Manual,52702,4,5,8145
Toyota,Camry,2019,2.6,Electric,Automatic,45977,3,2,14980
Honda,Accord,2020,4.2,Diesel,Manual,178945,2,3,10721
Kia,Sportage,2005,1.9,Hybrid,Automatic,171558,5,4,6568
Mercedes,E-Class,2020,4.5,Petrol,Automatic,252022,4,3,11059
Toyota,RAV4,2013,1.6,Diesel,Automatic,127245,3,2,8555
Volkswagen,Golf,2004,3,Petrol,Manual,15859,4,1,7982
Honda,CR-V,2000,1.3,Petrol,Semi-Automatic,153775,3,2,2324
Honda,CR-V,2004,2.5,Petrol,Automatic,141571,3,2,6468
Mercedes,E-Class,2009,2,Petrol,Semi-Automatic,133496,4,3,6130
Ford,Focus,2019,1,Diesel,Automatic,86948,2,4,10561
Honda,Accord,2017,4,Petrol,Semi-Automatic,130322,2,2,10593
Toyota,RAV4,2005,1.2,Petrol,Manual,35966,5,1,6080
Honda,Civic,2009,1.5,Electric,Manual,87042,2,1,8559
Kia,Rio,2015,1.1,Petrol,Manual,191414,5,5,5871
Hyundai,Elantra,2016,3.5,Hybrid,Automatic,22926,2,2,14441
Volkswagen,Golf,2005,4.6,Hybrid,Semi-Automatic,215539,2,3,6889
Mercedes,C-Class,2023,2.9,Electric,Automatic,102120,4,1,15357
Volkswagen,Passat,2014,3.5,Petrol,Automatic,104158,2,1,11216
Mercedes,E-Class,2023,1,Hybrid,Manual,125565,4,5,10488
Volkswagen,Tiguan,2020,2.6,Hybrid,Manual,115468,5,1,11390
Kia,Optima,2009,4.3,Diesel,Manual,272444,4,3,5651
BMW,3 Series,2017,4.9,Hybrid,Manual,80026,2,1,13499
Ford,Focus,2015,4.5,Hybrid,Semi-Automatic,296388,5,5,8172
Chevrolet,Malibu,2018,2.1,Hybrid,Automatic,42708,2,4,13245
Audi,A3,2021,3.6,Hybrid,Automatic,195923,3,1,12581
Toyota,Corolla,2015,1.1,Diesel,Semi-Automatic,139145,5,3,6917
Ford,Focus,2023,4.1,Hybrid,Automatic,151476,4,4,14570
Chevrolet,Impala,2012,1.5,Electric,Automatic,21286,2,5,12274
Hyundai,Tucson,2010,1.9,Hybrid,Manual,43830,4,1,9123
Audi,A3,2020,2.3,Hybrid,Automatic,199111,2,5,10917
BMW,3 Series,2018,3.1,Hybrid,Automatic,277051,2,5,9558
Honda,CR-V,2015,4.9,Hybrid,Manual,34163,4,1,13816
Mercedes,GLA,2020,3.4,Diesel,Manual,18840,4,3,13123
Hyundai,Elantra,2009,1.7,Petrol,Manual,176497,5,4,4970
Chevrolet,Impala,2022,1.6,Petrol,Manual,173372,3,3,8832
BMW,5 Series,2013,2.2,Petrol,Semi-Automatic,189275,5,3,6414
Kia,Sportage,2017,2.1,Electric,Semi-Automatic,186020,2,3,9579
Audi,Q5,2002,4.3,Electric,Semi-Automatic,67800,3,1,9644
Chevrolet,Malibu,2020,4.7,Diesel,Semi-Automatic,246105,4,5,9877
Volkswagen,Passat,2001,2.4,Electric,Automatic,74584,2,3,8808
BMW,3 Series,2009,2.6,Diesel,Semi-Automatic,22008,5,1,8959
Kia,Optima,2016,2.4,Hybrid,Semi-Automatic,113841,2,2,10023
Kia,Rio,2022,4,Petrol,Automatic,220438,5,5,11791
Mercedes,GLA,2001,1.6,Petrol,Semi-Automatic,17635,4,3,5647
Mercedes,C-Class,2011,1.7,Hybrid,Semi-Automatic,192210,2,3,6255
Audi,Q5,2012,1.1,Diesel,Manual,229045,3,4,4219
Hyundai,Tucson,2012,4.5,Petrol,Manual,212772,5,4,7944
Mercedes,GLA,2005,2,Hybrid,Manual,16802,4,2,8263
Honda,Accord,2007,2.9,Diesel,Semi-Automatic,230715,5,1,4485
Kia,Sportage,2019,3.3,Petrol,Semi-Automatic,243809,3,4,8223
Kia,Optima,2023,3.6,Petrol,Semi-Automatic,239634,5,4,9807
Mercedes,GLA,2002,1.5,Diesel,Automatic,193396,4,3,3832
Kia,Rio,2004,1.3,Electric,Semi-Automatic,32171,2,3,7956
Toyota,RAV4,2009,1,Petrol,Semi-Automatic,5854,2,2,7682
Volkswagen,Golf,2004,1.2,Hybrid,Semi-Automatic,112247,2,4,5255
Audi,Q5,2005,2.9,Hybrid,Semi-Automatic,245873,5,5,4582
Toyota,Corolla,2015,3.7,Electric,Manual,285532,3,3,8589
Chevrolet,Impala,2011,2.8,Electric,Manual,286407,2,4,6471
Honda,Accord,2007,4.3,Electric,Semi-Automatic,244059,4,2,7618
Mercedes,C-Class,2012,3.6,Electric,Semi-Automatic,23912,3,3,12821
Honda,Civic,2004,1.4,Diesel,Automatic,197380,3,3,4252
Toyota,Corolla,2015,4.8,Electric,Automatic,89572,3,4,15108
Hyundai,Elantra,2014,2.1,Diesel,Automatic,68443,4,4,10531
Volkswagen,Passat,2015,3.6,Petrol,Automatic,135336,4,1,10993
Hyundai,Tucson,2013,3.9,Electric,Semi-Automatic,296964,3,3,7960
Toyota,Camry,2002,4.6,Petrol,Manual,211939,4,3,5061
Honda,CR-V,2016,2.6,Hybrid,Manual,52223,2,4,11455
Toyota,Camry,2022,1.8,Diesel,Automatic,52377,2,1,12952
Toyota,RAV4,2003,1.6,Hybrid,Automatic,191705,3,5,5265
Audi,A4,2017,3.5,Petrol,Automatic,254631,3,3,9107
Ford,Focus,2009,2.3,Hybrid,Semi-Automatic,106773,3,1,7964
Mercedes,C-Class,2001,1.4,Hybrid,Manual,252576,5,1,2000
Toyota,Corolla,2022,3,Diesel,Manual,96622,3,3,11767
Toyota,Corolla,2022,1.1,Electric,Manual,207352,4,1,9652
Audi,Q5,2023,4.9,Hybrid,Automatic,160297,2,5,15194
Mercedes,GLA,2016,2.4,Electric,Semi-Automatic,165104,4,2,9997
Volkswagen,Tiguan,2020,4.1,Electric,Automatic,68269,2,3,16334
Audi,A4,2012,4.9,Electric,Manual,21795,5,5,14164
Audi,A4,2020,1.8,Hybrid,Semi-Automatic,207306,4,5,8753
BMW,X5,2020,3.9,Electric,Semi-Automatic,44392,4,5,15112
Volkswagen,Tiguan,2015,3,Diesel,Manual,60169,4,1,10396
Audi,Q5,2005,4.4,Petrol,Manual,26960,3,3,9460
Honda,Accord,2023,4.5,Diesel,Automatic,65889,4,5,15682
Toyota,RAV4,2006,1.2,Electric,Semi-Automatic,169281,5,2,5714
Volkswagen,Tiguan,2014,2.3,Hybrid,Semi-Automatic,45361,5,3,10692
Hyundai,Tucson,2006,4.7,Diesel,Manual,238219,3,2,5835
Kia,Rio,2004,3.3,Diesel,Automatic,255971,4,1,4980
Audi,Q5,2008,3.9,Petrol,Manual,69232,5,5,9015
Honda,Civic,2004,2,Hybrid,Automatic,204272,3,4,5714
BMW,3 Series,2004,2.2,Electric,Automatic,190504,3,2,7189
Hyundai,Tucson,2023,2.4,Diesel,Manual,165233,5,3,10095
Kia,Rio,2020,1.8,Hybrid,Automatic,28207,5,5,13835
BMW,5 Series,2015,2,Diesel,Manual,46948,3,3,9661
Mercedes,GLA,2000,3.5,Hybrid,Automatic,169471,2,3,6710
Volkswagen,Golf,2006,1.7,Electric,Semi-Automatic,11898,5,4,9362
Kia,Rio,2016,1.9,Electric,Manual,195310,4,3,8893
Mercedes,GLA,2005,3.9,Electric,Automatic,106697,4,2,10866
Mercedes,GLA,2003,1.6,Petrol,Semi-Automatic,84040,2,5,4919
BMW,3 Series,2016,2.2,Diesel,Manual,282955,2,4,5440
Honda,Civic,2006,4.3,Hybrid,Semi-Automatic,28584,4,5,10628
Hyundai,Elantra,2010,1.4,Hybrid,Automatic,175448,4,3,7491
Kia,Sportage,2002,2.1,Diesel,Manual,170511,5,1,3389
BMW,3 Series,2018,2.4,Petrol,Automatic,224572,5,2,8908
Kia,Optima,2009,3.5,Electric,Manual,2178,4,1,12256
Hyundai,Elantra,2003,3.6,Electric,Automatic,183050,2,2,8439
Toyota,Corolla,2014,4.7,Electric,Semi-Automatic,74835,3,5,13503
Mercedes,GLA,2010,2.4,Hybrid,Automatic,53775,4,1,10924
Honda,Civic,2009,3.1,Diesel,Automatic,287293,4,3,5654
Toyota,RAV4,2001,3.1,Electric,Manual,253850,2,1,4423
Audi,A3,2015,2.7,Hybrid,Semi-Automatic,87318,2,1,10553
Audi,Q5,2023,1,Diesel,Semi-Automatic,9186,2,4,11816
Audi,A4,2004,3.8,Diesel,Automatic,276047,5,5,5079
